protocol,tag,seed,label_frac,n_ft_train,n_ft_train_full,n_holdout_val,n_crc_test,monitor,test,best_epoch,best_holdout_acc,crc_acc_best,crc_macro_f1_best,crc_acc_last,crc_macro_f1_last,ssl_ckpt,best_ckpt,file,corruption_best.color_shift,corruption_best.blur,corruption_best.noise,corruption_best.gray,phase
09_v1_holdout_val_crc_test,curriculum,42,0.1,4501,45001,4999,7180,holdout_val,crc_val,9,0.8361672334466893,0.4860724233983287,0.4153540795366995,0.6118384401114206,0.556005630707623,/kaggle/input/datasets/jamlab/09-acc1-curriculum-42-43-44/ssl_curriculum_seed42_final.pt,/kaggle/working/09_보완_재실험/outputs/checkpoints/ft_curriculum_seed42_lf0.10_best.pt,ft_curriculum_seed42_lf0.10.json,0.3497214484679666,0.5128133704735376,0.4746518105849582,0.1204735376044568,
09_v1_holdout_val_crc_test,curriculum,43,0.1,4501,45001,4999,7180,holdout_val,crc_val,12,0.9197839567913584,0.6327298050139276,0.4931639118644085,0.5842618384401114,0.4979751628371641,/kaggle/input/datasets/jamlab/09-acc1-curriculum-42-43-44/ssl_curriculum_seed43_final.pt,/kaggle/working/09_보완_재실험/outputs/checkpoints/ft_curriculum_seed43_lf0.10_best.pt,ft_curriculum_seed43_lf0.10.json,0.4816155988857938,0.6337047353760445,0.6332869080779945,0.4405292479108635,
09_v1_holdout_val_crc_test,curriculum,44,0.1,4501,45001,4999,7180,holdout_val,crc_val,3,0.841368273654731,0.5672701949860725,0.538820365017353,0.3392757660167131,0.2403592880570156,/kaggle/input/datasets/jamlab/09-acc1-curriculum-42-43-44/ssl_curriculum_seed44_final.pt,/kaggle/working/09_보완_재실험/outputs/checkpoints/ft_curriculum_seed44_lf0.10_best.pt,ft_curriculum_seed44_lf0.10.json,0.5025069637883008,0.4311977715877437,0.5405292479108635,0.5157381615598886,
09_v1_holdout_val_crc_test,imagenet_init,42,0.1,4501,45001,4999,7180,holdout_val,crc_val,10,0.9563912782556512,0.7577994428969359,0.7023480838816788,0.7114206128133704,0.6629046617832528,,/kaggle/working/09_보완_재실험/outputs/checkpoints/ft_imagenet_init_seed42_lf0.10_best.pt,ft_imagenet_init_seed42_lf0.10.json,0.7084958217270195,0.5350974930362117,0.43481894150417827,0.663091922005571,
09_v1_holdout_val_crc_test,imagenet_init,43,0.1,4501,45001,4999,7180,holdout_val,crc_val,11,0.9453890778155631,0.6227019498607242,0.5100886608404654,0.7200557103064067,0.6383796209360739,,/kaggle/working/09_보완_재실험/outputs/checkpoints/ft_imagenet_init_seed43_lf0.10_best.pt,ft_imagenet_init_seed43_lf0.10.json,0.566016713091922,0.4033426183844011,0.48802228412256266,0.4750696378830084,
09_v1_holdout_val_crc_test,imagenet_init,44,0.1,4501,45001,4999,7180,holdout_val,crc_val,1,0.9507901580316063,0.6423398328690808,0.5722746652679841,0.6038997214484679,0.4738648487003293,,/kaggle/working/09_보완_재실험/outputs/checkpoints/ft_imagenet_init_seed44_lf0.10_best.pt,ft_imagenet_init_seed44_lf0.10.json,0.5236768802228412,0.3818941504178273,0.30821727019498607,0.5064066852367688,
09_v1_holdout_val_crc_test,macenko_none,42,0.1,4501,45001,4999,7180,holdout_val,crc_val,5,0.8251650330066013,0.6456824512534819,0.5873728408573762,0.6913649025069638,0.6059276511643283,/kaggle/input/datasets/codesensory/05-11-b-retest-database/ssl_macenko_none_seed42_final.pt,/kaggle/working/09_보완_재실험/outputs/checkpoints/ft_macenko_none_seed42_lf0.10_best.pt,ft_macenko_none_seed42_lf0.10.json,0.6756267409470752,0.39136490250696376,0.6164345403899721,0.56991643454039,
09_v1_holdout_val_crc_test,macenko_none,43,0.1,4501,45001,4999,7180,holdout_val,crc_val,9,0.8531706341268254,0.7580779944289694,0.6889100147448644,0.41949860724233984,0.3413076072847914,/kaggle/input/datasets/codesensory/05-11-b-retest-database/ssl_macenko_none_seed43_final.pt,/kaggle/working/09_보완_재실험/outputs/checkpoints/ft_macenko_none_seed43_lf0.10_best.pt,ft_macenko_none_seed43_lf0.10.json,0.7176880222841225,0.6805013927576602,0.6550139275766017,0.5474930362116992,
09_v1_holdout_val_crc_test,macenko_none,44,0.1,4501,45001,4999,7180,holdout_val,crc_val,23,0.9097819563912782,0.747075208913649,0.6927977861154289,0.6534818941504178,0.5745420785681636,/kaggle/input/datasets/codesensory/05-11-b-retest-database/ssl_macenko_none_seed44_final.pt,/kaggle/working/09_보완_재실험/outputs/checkpoints/ft_macenko_none_seed44_lf0.10_best.pt,ft_macenko_none_seed44_lf0.10.json,0.7416434540389972,0.5137883008356546,0.7231197771587744,0.5367688022284123,
09_v1_holdout_val_crc_test,none,42,0.1,4501,45001,4999,7180,holdout_val,crc_val,1,0.7469493898779755,0.3313370473537604,0.3077277287345521,0.4142061281337047,0.4157323542144284,/kaggle/input/datasets/jamlab/09-acc1-curriculum-42-43-44/ssl_none_seed42_final.pt,/kaggle/working/09_보완_재실험/outputs/checkpoints/ft_none_seed42_lf0.10_best.pt,ft_none_seed42_lf0.10.json,0.3176880222841226,0.2981894150417827,0.3115598885793872,0.3415041782729805,
09_v1_holdout_val_crc_test,none,43,0.1,4501,45001,4999,7180,holdout_val,crc_val,5,0.7833566713342669,0.3392757660167131,0.2959828775648869,0.1727019498607242,0.1542666138524358,/kaggle/input/datasets/jamlab/09-acc1-curriculum-42-43-44/ssl_none_seed43_final.pt,/kaggle/working/09_보완_재실험/outputs/checkpoints/ft_none_seed43_lf0.10_best.pt,ft_none_seed43_lf0.10.json,0.2598885793871866,0.2661559888579387,0.3171309192200557,0.2473537604456824,
09_v1_holdout_val_crc_test,none,44,0.1,4501,45001,4999,7180,holdout_val,crc_val,3,0.8121624324864973,0.2930362116991643,0.2688090448513419,0.242200557103064,0.250979795577423,/kaggle/input/datasets/jamlab/09-acc1-curriculum-42-43-44/ssl_none_seed44_final.pt,/kaggle/working/09_보완_재실험/outputs/checkpoints/ft_none_seed44_lf0.10_best.pt,ft_none_seed44_lf0.10.json,0.2282729805013927,0.3655988857938718,0.2662952646239554,0.21016713091922,
09_v1_holdout_val_crc_test,schedule_colorless,42,0.1,4501,45001,4999,7180,holdout_val,crc_val,8,0.942988597719544,0.5353760445682452,0.4454797434784192,0.6334261838440112,0.5564614643661782,/kaggle/input/datasets/codesensory/09-acc1-fixed-emphasize-42-43-44/ssl_schedule_colorless_seed42_final.pt,/kaggle/working/09_보완_재실험/outputs/checkpoints/ft_schedule_colorless_seed42_lf0.10_best.pt,ft_schedule_colorless_seed42_lf0.10.json,0.3688022284122563,0.5001392757660167,0.5062674094707521,0.3037604456824512,
09_v1_holdout_val_crc_test,schedule_colorless,43,0.1,4501,45001,4999,7180,holdout_val,crc_val,2,0.8909781956391278,0.5289693593314764,0.4808422198261781,0.3543175487465181,0.3632504639176048,/kaggle/input/datasets/codesensory/09-acc1-fixed-emphasize-42-43-44/ssl_schedule_colorless_seed43_final.pt,/kaggle/working/09_보완_재실험/outputs/checkpoints/ft_schedule_colorless_seed43_lf0.10_best.pt,ft_schedule_colorless_seed43_lf0.10.json,0.4115598885793872,0.4345403899721448,0.3406685236768802,0.4243732590529248,
09_v1_holdout_val_crc_test,schedule_colorless,44,0.1,4501,45001,4999,7180,holdout_val,crc_val,14,0.9441888377675536,0.5423398328690808,0.4819561338950349,0.6147632311977715,0.5867658117473457,/kaggle/input/datasets/codesensory/09-acc1-fixed-emphasize-42-43-44/ssl_schedule_colorless_seed44_final.pt,/kaggle/working/09_보완_재실험/outputs/checkpoints/ft_schedule_colorless_seed44_lf0.10_best.pt,ft_schedule_colorless_seed44_lf0.10.json,0.4603064066852367,0.5458217270194986,0.4243732590529248,0.2548746518105849,
09_v1_holdout_val_crc_test,scratch,42,0.1,4501,45001,4999,7180,holdout_val,crc_val,11,0.7975595119023805,0.3370473537604457,0.3206789897655553,0.33774373259052926,0.25117264577092513,,/kaggle/working/09_보완_재실험/outputs/checkpoints/ft_scratch_seed42_lf0.10_best.pt,ft_scratch_seed42_lf0.10.json,0.30459610027855155,0.2392757660167131,0.2264623955431755,0.2880222841225627,
09_v1_holdout_val_crc_test,scratch,43,0.1,4501,45001,4999,7180,holdout_val,crc_val,9,0.7083416683336667,0.29972144846796656,0.23738439360669972,0.18551532033426185,0.12429391989640444,,/kaggle/working/09_보완_재실험/outputs/checkpoints/ft_scratch_seed43_lf0.10_best.pt,ft_scratch_seed43_lf0.10.json,0.27785515320334264,0.3469359331476323,0.25571030640668524,0.21949860724233983,
09_v1_holdout_val_crc_test,scratch,44,0.1,4501,45001,4999,7180,holdout_val,crc_val,14,0.7159431886377275,0.2626740947075209,0.23536277177373016,0.22103064066852368,0.15376987247243307,,/kaggle/working/09_보완_재실험/outputs/checkpoints/ft_scratch_seed44_lf0.10_best.pt,ft_scratch_seed44_lf0.10.json,0.07520891364902507,0.22618384401114205,0.198050139275766,0.2105849582172702,
09_v1_holdout_val_crc_test,curriculum,42,0.25,11249,45001,4999,7180,holdout_val,crc_val,7,0.9231846369273856,0.5642061281337047,0.4531816701217384,0.2580779944289693,0.226956964050172,/kaggle/input/datasets/jamlab/09-acc1-curriculum-42-43-44/ssl_curriculum_seed42_final.pt,/kaggle/working/09_보완_재실험/outputs/checkpoints/ft_curriculum_seed42_lf0.25_best.pt,ft_curriculum_seed42_lf0.25.json,0.486908077994429,0.5598885793871866,0.5784122562674094,0.1508356545961002,
09_v1_holdout_val_crc_test,curriculum,43,0.25,11249,45001,4999,7180,holdout_val,crc_val,18,0.962992598519704,0.4795264623955432,0.4157400086855702,0.5428969359331476,0.5180253369127474,/kaggle/input/datasets/jamlab/09-acc1-curriculum-42-43-44/ssl_curriculum_seed43_final.pt,/kaggle/working/09_보완_재실험/outputs/checkpoints/ft_curriculum_seed43_lf0.25_best.pt,ft_curriculum_seed43_lf0.25.json,0.4792479108635097,0.4279944289693593,0.4827298050139276,0.444150417827298,
09_v1_holdout_val_crc_test,curriculum,44,0.25,11249,45001,4999,7180,holdout_val,crc_val,16,0.9385877175435088,0.6288300835654597,0.5241563755374137,0.4568245125348189,0.380238728871519,/kaggle/input/datasets/jamlab/09-acc1-curriculum-42-43-44/ssl_curriculum_seed44_final.pt,/kaggle/working/09_보완_재실험/outputs/checkpoints/ft_curriculum_seed44_lf0.25_best.pt,ft_curriculum_seed44_lf0.25.json,0.499025069637883,0.5954038997214485,0.5504178272980501,0.4625348189415041,
09_v1_holdout_val_crc_test,none,42,0.25,11249,45001,4999,7180,holdout_val,crc_val,4,0.8481696339267853,0.2245125348189415,0.22285352065932595,0.5722841225626741,0.5092251133614183,/kaggle/input/datasets/codesensory/05-11-b-retest-database/ssl_none_seed42_final.pt,/kaggle/working/09_보완_재실험/outputs/checkpoints/ft_none_seed42_lf0.25_best.pt,ft_none_seed42_lf0.25.json,0.2850974930362117,0.24108635097493036,0.24958217270194985,0.27841225626740945,
09_v1_holdout_val_crc_test,none,43,0.25,11249,45001,4999,7180,holdout_val,crc_val,2,0.8157631526305261,0.28384401114206126,0.2565234770416488,0.24958217270194985,0.22611632160626552,/kaggle/input/datasets/codesensory/05-11-b-retest-database/ssl_none_seed43_final.pt,/kaggle/working/09_보완_재실험/outputs/checkpoints/ft_none_seed43_lf0.25_best.pt,ft_none_seed43_lf0.25.json,0.249025069637883,0.39094707520891364,0.24220055710306407,0.19136490250696378,
09_v1_holdout_val_crc_test,none,44,0.25,11249,45001,4999,7180,holdout_val,crc_val,5,0.8455691138227646,0.33690807799442896,0.2982310718213299,0.18885793871866297,0.21818661669312875,/kaggle/input/datasets/codesensory/05-11-b-retest-database/ssl_none_seed44_final.pt,/kaggle/working/09_보완_재실험/outputs/checkpoints/ft_none_seed44_lf0.25_best.pt,ft_none_seed44_lf0.25.json,0.21420612813370474,0.37688022284122563,0.28467966573816156,0.07520891364902507,
09_v1_holdout_val_crc_test,schedule_colorless,42,0.25,11249,45001,4999,7180,holdout_val,crc_val,7,0.9633926785357071,0.5976323119777158,0.5159445621003874,0.6548746518105849,0.5262311629811867,/kaggle/input/datasets/jamlab/05-11-b-retest-database/ssl_schedule_colorless_seed42_final.pt,/kaggle/working/09_보완_재실험/outputs/checkpoints/ft_schedule_colorless_seed42_lf0.25_best.pt,ft_schedule_colorless_seed42_lf0.25.json,0.6286908077994429,0.48760445682451253,0.48662952646239555,0.48871866295264627,
09_v1_holdout_val_crc_test,schedule_colorless,43,0.25,11249,45001,4999,7180,holdout_val,crc_val,3,0.9465893178635727,0.5034818941504178,0.4469790633589779,0.4413649025069638,0.3738180785353754,/kaggle/input/datasets/jamlab/05-11-b-retest-database/ssl_schedule_colorless_seed43_final.pt,/kaggle/working/09_보완_재실험/outputs/checkpoints/ft_schedule_colorless_seed43_lf0.25_best.pt,ft_schedule_colorless_seed43_lf0.25.json,0.402924791086351,0.5089136490250696,0.4582172701949861,0.3824512534818941,
09_v1_holdout_val_crc_test,schedule_colorless,44,0.25,11249,45001,4999,7180,holdout_val,crc_val,23,0.9771954390878176,0.68008356545961,0.5838501656355785,0.7132311977715877,0.6125861478919751,/kaggle/input/datasets/jamlab/05-11-b-retest-database/ssl_schedule_colorless_seed44_final.pt,/kaggle/working/09_보완_재실험/outputs/checkpoints/ft_schedule_colorless_seed44_lf0.25_best.pt,ft_schedule_colorless_seed44_lf0.25.json,0.5633704735376045,0.697075208913649,0.5842618384401114,0.3394150417827298,
09_v1_holdout_val_crc_test,scratch,42,0.25,11249,45001,4999,7180,holdout_val,crc_val,12,0.746749349869974,0.1511142061281337,0.12310878695921998,0.28105849582172704,0.2170946358786527,,/kaggle/working/09_보완_재실험/outputs/checkpoints/ft_scratch_seed42_lf0.25_best.pt,ft_scratch_seed42_lf0.25.json,0.14428969359331476,0.27743732590529246,0.07799442896935933,0.2222841225626741,
09_v1_holdout_val_crc_test,scratch,43,0.25,11249,45001,4999,7180,holdout_val,crc_val,13,0.9009801960392079,0.2923398328690808,0.24878640272791927,0.45069637883008357,0.3923981942387917,,/kaggle/working/09_보완_재실험/outputs/checkpoints/ft_scratch_seed43_lf0.25_best.pt,ft_scratch_seed43_lf0.25.json,0.28746518105849583,0.26114206128133705,0.3128133704735376,0.35557103064066853,
09_v1_holdout_val_crc_test,scratch,44,0.25,11249,45001,4999,7180,holdout_val,crc_val,9,0.8205641128225645,0.22520891364902507,0.19233129950650082,0.19025069637883008,0.12519087920387392,,/kaggle/working/09_보완_재실험/outputs/checkpoints/ft_scratch_seed44_lf0.25_best.pt,ft_scratch_seed44_lf0.25.json,0.16824512534818942,0.24011142061281338,0.16532033426183845,0.23690807799442898,
09_v1_holdout_val_crc_test,curriculum,42,1.0,45001,45001,4999,7180,holdout_val,crc_val,16,0.9825965193038608,0.6069637883008356,0.5146724105727748,0.4222841225626741,0.3953302611365244,/kaggle/input/datasets/jamlab/09-acc1-curriculum-42-43-44/ssl_curriculum_seed42_final.pt,/kaggle/working/09_보완_재실험/outputs/checkpoints/ft_curriculum_seed42_lf1.00_best.pt,ft_curriculum_seed42_lf1.00.json,0.5798050139275766,0.5311977715877437,0.5642061281337047,0.2739554317548746,
09_v1_holdout_val_crc_test,curriculum,43,1.0,45001,45001,4999,7180,holdout_val,crc_val,6,0.9637927585517104,0.4899721448467966,0.403609306008731,0.7136490250696379,0.6456691001689211,/kaggle/input/datasets/jamlab/09-acc1-curriculum-42-43-44/ssl_curriculum_seed43_final.pt,/kaggle/working/09_보완_재실험/outputs/checkpoints/ft_curriculum_seed43_lf1.00_best.pt,ft_curriculum_seed43_lf1.00.json,0.4098885793871866,0.5614206128133705,0.4430362116991643,0.0512534818941504,
09_v1_holdout_val_crc_test,curriculum,44,1.0,45001,45001,4999,7180,holdout_val,crc_val,16,0.97999599919984,0.5891364902506964,0.5441609980656364,0.5881615598885794,0.5364811103572982,/kaggle/input/datasets/jamlab/09-acc1-curriculum-42-43-44/ssl_curriculum_seed44_final.pt,/kaggle/working/09_보완_재실험/outputs/checkpoints/ft_curriculum_seed44_lf1.00_best.pt,ft_curriculum_seed44_lf1.00.json,0.3979108635097493,0.4823119777158774,0.5874651810584958,0.127158774373259,
09_v1_holdout_val_crc_test,fixed_emphasize,42,1.0,45001,45001,4999,7180,holdout_val,crc_val,0,0.7791558311662332,0.3534818941504178,0.287913260795694,0.2364902506963788,0.2039888137072954,/kaggle/input/datasets/codesensory/09-acc1-fixed-emphasize-42-43-44/ssl_fixed_emphasize_seed42_final.pt,/kaggle/working/09_보완_재실험/outputs/checkpoints/ft_fixed_emphasize_seed42_lf1.00_best.pt,ft_fixed_emphasize_seed42_lf1.00.json,0.2793871866295264,0.2575208913649025,0.3520891364902507,0.235933147632312,
09_v1_holdout_val_crc_test,fixed_emphasize,43,1.0,45001,45001,4999,7180,holdout_val,crc_val,10,0.9471894378875776,0.3743732590529248,0.3082714125605321,0.3062674094707521,0.2414262203961984,/kaggle/input/datasets/codesensory/09-acc1-fixed-emphasize-42-43-44/ssl_fixed_emphasize_seed43_final.pt,/kaggle/working/09_보완_재실험/outputs/checkpoints/ft_fixed_emphasize_seed43_lf1.00_best.pt,ft_fixed_emphasize_seed43_lf1.00.json,0.4201949860724234,0.1933147632311977,0.4154596100278551,0.2065459610027855,
09_v1_holdout_val_crc_test,fixed_emphasize,44,1.0,45001,45001,4999,7180,holdout_val,crc_val,11,0.9363872774554912,0.4587743732590529,0.3965133293099305,0.2714484679665738,0.2174313914448623,/kaggle/input/datasets/codesensory/09-acc1-fixed-emphasize-42-43-44/ssl_fixed_emphasize_seed44_final.pt,/kaggle/working/09_보완_재실험/outputs/checkpoints/ft_fixed_emphasize_seed44_lf1.00_best.pt,ft_fixed_emphasize_seed44_lf1.00.json,0.276183844011142,0.2799442896935933,0.3952646239554317,0.2572423398328691,
09_v1_holdout_val_crc_test,imagenet_init,42,1.0,45001,45001,4999,7180,holdout_val,crc_val,12,0.9833966793358672,0.5809192200557103,0.5224831630376072,0.3869080779944289,0.3919562815513917,,/kaggle/working/09_보완_재실험/outputs/checkpoints/ft_imagenet_init_seed42_lf1.00_best.pt,ft_imagenet_init_seed42_lf1.00.json,0.6540389972144847,0.4575208913649025,0.415041782729805,0.2376044568245125,
09_v1_holdout_val_crc_test,imagenet_init,43,1.0,45001,45001,4999,7180,holdout_val,crc_val,2,0.9593918783756752,0.5183844011142061,0.4277940700357858,0.5616991643454039,0.4963944973428505,,/kaggle/working/09_보완_재실험/outputs/checkpoints/ft_imagenet_init_seed43_lf1.00_best.pt,ft_imagenet_init_seed43_lf1.00.json,0.4876044568245125,0.3577994428969359,0.2919220055710306,0.5505571030640668,
09_v1_holdout_val_crc_test,imagenet_init,44,1.0,45001,45001,4999,7180,holdout_val,crc_val,6,0.9781956391278256,0.6279944289693593,0.5240903213472367,0.5895543175487465,0.5291646168922379,,/kaggle/working/09_보완_재실험/outputs/checkpoints/ft_imagenet_init_seed44_lf1.00_best.pt,ft_imagenet_init_seed44_lf1.00.json,0.5162952646239555,0.5940111420612814,0.4189415041782729,0.2547353760445682,
09_v1_holdout_val_crc_test,macenko_none,42,1.0,45001,45001,4999,7180,holdout_val,crc_val,1,0.9273854770954192,0.8451253481894151,0.7833877332196828,0.507242339832869,0.4609636526261531,/kaggle/input/datasets/jamlab/09-acc1-curriculum-42-43-44/ssl_macenko_none_seed42_final.pt,/kaggle/working/09_보완_재실험/outputs/checkpoints/ft_macenko_none_seed42_lf1.00_best.pt,ft_macenko_none_seed42_lf1.00.json,0.8147632311977716,0.6188022284122563,0.8047353760445682,0.6541782729805014,
09_v1_holdout_val_crc_test,macenko_none,43,1.0,45001,45001,4999,7180,holdout_val,crc_val,3,0.9111822364472896,0.6577994428969359,0.600992827557666,0.8037604456824513,0.7342000816574518,/kaggle/input/datasets/jamlab/09-acc1-curriculum-42-43-44/ssl_macenko_none_seed43_final.pt,/kaggle/working/09_보완_재실험/outputs/checkpoints/ft_macenko_none_seed43_lf1.00_best.pt,ft_macenko_none_seed43_lf1.00.json,0.6245125348189415,0.4448467966573816,0.5949860724233983,0.5466573816155988,
09_v1_holdout_val_crc_test,macenko_none,44,1.0,45001,45001,4999,7180,holdout_val,crc_val,3,0.94498899779956,0.8479108635097493,0.7933666864273041,0.547075208913649,0.4587981273979942,/kaggle/input/datasets/jamlab/09-acc1-curriculum-42-43-44/ssl_macenko_none_seed44_final.pt,/kaggle/working/09_보완_재실험/outputs/checkpoints/ft_macenko_none_seed44_lf1.00_best.pt,ft_macenko_none_seed44_lf1.00.json,0.7915041782729805,0.5318941504178273,0.735933147632312,0.6593314763231197,
09_v1_holdout_val_crc_test,none,42,1.0,45001,45001,4999,7180,holdout_val,crc_val,11,0.9683936787357472,0.5619777158774373,0.4783555397161633,0.5015320334261838,0.4380280068481305,/kaggle/input/datasets/jamlab/09-acc1-curriculum-42-43-44/ssl_none_seed42_final.pt,/kaggle/working/09_보완_재실험/outputs/checkpoints/ft_none_seed42_lf1.00_best.pt,ft_none_seed42_lf1.00.json,0.3633704735376044,0.5022284122562675,0.5616991643454039,0.1604456824512534,
09_v1_holdout_val_crc_test,none,43,1.0,45001,45001,4999,7180,holdout_val,crc_val,2,0.9001800360072014,0.4690807799442897,0.4508575899127585,0.4998607242339833,0.4242666326093972,/kaggle/input/datasets/jamlab/09-acc1-curriculum-42-43-44/ssl_none_seed43_final.pt,/kaggle/working/09_보완_재실험/outputs/checkpoints/ft_none_seed43_lf1.00_best.pt,ft_none_seed43_lf1.00.json,0.412116991643454,0.3488857938718663,0.3948467966573816,0.2747910863509749,
09_v1_holdout_val_crc_test,none,44,1.0,45001,45001,4999,7180,holdout_val,crc_val,14,0.9697939587917584,0.4777158774373259,0.4078742354639901,0.4493036211699164,0.3608637506870978,/kaggle/input/datasets/jamlab/09-acc1-curriculum-42-43-44/ssl_none_seed44_final.pt,/kaggle/working/09_보완_재실험/outputs/checkpoints/ft_none_seed44_lf1.00_best.pt,ft_none_seed44_lf1.00.json,0.3949860724233983,0.4554317548746518,0.4710306406685237,0.1309192200557103,
09_v1_holdout_val_crc_test,schedule_colorless,42,1.0,45001,45001,4999,7180,holdout_val,crc_val,0,0.9651930386077217,0.6416434540389973,0.5546597825283381,0.6183844011142061,0.5209347534047747,/kaggle/input/datasets/codesensory/09-acc1-fixed-emphasize-42-43-44/ssl_schedule_colorless_seed42_final.pt,/kaggle/working/09_보완_재실험/outputs/checkpoints/ft_schedule_colorless_seed42_lf1.00_best.pt,ft_schedule_colorless_seed42_lf1.00.json,0.5025069637883008,0.6504178272980501,0.6164345403899721,0.2682451253481894,
09_v1_holdout_val_crc_test,schedule_colorless,43,1.0,45001,45001,4999,7180,holdout_val,crc_val,2,0.9733946789357872,0.5399721448467967,0.4333309815588461,0.5782729805013928,0.5023953780675998,/kaggle/input/datasets/codesensory/09-acc1-fixed-emphasize-42-43-44/ssl_schedule_colorless_seed43_final.pt,/kaggle/working/09_보완_재실험/outputs/checkpoints/ft_schedule_colorless_seed43_lf1.00_best.pt,ft_schedule_colorless_seed43_lf1.00.json,0.5487465181058496,0.5806406685236769,0.3501392757660167,0.3355153203342618,
09_v1_holdout_val_crc_test,schedule_colorless,44,1.0,45001,45001,4999,7180,holdout_val,crc_val,7,0.9775955191038208,0.5447075208913649,0.4910605003291628,0.6821727019498607,0.5870041634239243,/kaggle/input/datasets/codesensory/09-acc1-fixed-emphasize-42-43-44/ssl_schedule_colorless_seed44_final.pt,/kaggle/working/09_보완_재실험/outputs/checkpoints/ft_schedule_colorless_seed44_lf1.00_best.pt,ft_schedule_colorless_seed44_lf1.00.json,0.6704735376044568,0.4313370473537604,0.4715877437325905,0.2193593314763231,
09_v1_holdout_val_crc_test,scratch,42,1.0,45001,45001,4999,7180,holdout_val,crc_val,4,0.8861772354470894,0.4147632311977716,0.3333304459963503,0.2381615598885794,0.24044781863621909,,/kaggle/working/09_보완_재실험/outputs/checkpoints/ft_scratch_seed42_lf1.00_best.pt,ft_scratch_seed42_lf1.00.json,0.2693593314763231,0.38997214484679665,0.29972144846796656,0.21155988857938718,
09_v1_holdout_val_crc_test,scratch,43,1.0,45001,45001,4999,7180,holdout_val,crc_val,6,0.9205841168233647,0.19596100278551531,0.18776594373925845,0.218941504178273,0.23592708111635308,,/kaggle/working/09_보완_재실험/outputs/checkpoints/ft_scratch_seed43_lf1.00_best.pt,ft_scratch_seed43_lf1.00.json,0.2894150417827298,0.2568245125348189,0.17952646239554318,0.09944289693593315,
09_v1_holdout_val_crc_test,scratch,44,1.0,45001,45001,4999,7180,holdout_val,crc_val,9,0.9491898379675935,0.49568245125348187,0.40004312915821916,0.15598885793871867,0.1570241950795735,,/kaggle/working/09_보완_재실험/outputs/checkpoints/ft_scratch_seed44_lf1.00_best.pt,ft_scratch_seed44_lf1.00.json,0.2513927576601671,0.4,0.416991643454039,0.11044568245125348,
09_v1_holdout_val_crc_test,fixed_emphasize,42,0.1,4501,45001,4999,7180,holdout_val,crc_val,5,0.7021404280856172,0.14387186629526463,0.14211107850014615,0.2686629526462396,0.25755302428331295,/kaggle/input/datasets/jamlab/05-11-b-retest-database/ssl_fixed_emphasize_seed42_final.pt,/kaggle/working/09_보완_재실험/outputs/checkpoints/ft_fixed_emphasize_seed42_lf0.10_best.pt,ft_fixed_emphasize_seed42_lf0.10.json,0.07437325905292479,0.20111420612813372,0.1413649025069638,0.1926183844011142,phase2_grid_fill
09_v1_holdout_val_crc_test,fixed_emphasize,42,0.25,11249,45001,4999,7180,holdout_val,crc_val,10,0.8901780356071214,0.3376044568245125,0.2804188810407977,0.16392757660167132,0.14461090028519896,/kaggle/input/datasets/jamlab/05-11-b-retest-database/ssl_fixed_emphasize_seed42_final.pt,/kaggle/working/09_보완_재실험/outputs/checkpoints/ft_fixed_emphasize_seed42_lf0.25_best.pt,ft_fixed_emphasize_seed42_lf0.25.json,0.31016713091922005,0.13537604456824512,0.34818941504178275,0.15919220055710306,phase2_grid_fill
09_v1_holdout_val_crc_test,fixed_emphasize,43,0.1,4501,45001,4999,7180,holdout_val,crc_val,3,0.667133426685337,0.39498607242339834,0.35383746059704957,0.2508356545961003,0.24226857695605236,/kaggle/input/datasets/jamlab/05-11-b-retest-database/ssl_fixed_emphasize_seed43_final.pt,/kaggle/working/09_보완_재실험/outputs/checkpoints/ft_fixed_emphasize_seed43_lf0.10_best.pt,ft_fixed_emphasize_seed43_lf0.10.json,0.21225626740947076,0.3286908077994429,0.27604456824512535,0.23370473537604458,phase2_grid_fill
09_v1_holdout_val_crc_test,fixed_emphasize,43,0.25,11249,45001,4999,7180,holdout_val,crc_val,15,0.8113622724544909,0.2931754874651811,0.2666318561788123,0.13732590529247912,0.11855255858909548,/kaggle/input/datasets/jamlab/05-11-b-retest-database/ssl_fixed_emphasize_seed43_final.pt,/kaggle/working/09_보완_재실험/outputs/checkpoints/ft_fixed_emphasize_seed43_lf0.25_best.pt,ft_fixed_emphasize_seed43_lf0.25.json,0.2924791086350975,0.20919220055710305,0.2977715877437326,0.3018105849582173,phase2_grid_fill
09_v1_holdout_val_crc_test,fixed_emphasize,44,0.1,4501,45001,4999,7180,holdout_val,crc_val,9,0.752750550110022,0.34331476323119775,0.2756854365762474,0.2766016713091922,0.22632202768873663,/kaggle/input/datasets/jamlab/05-11-b-retest-database/ssl_fixed_emphasize_seed44_final.pt,/kaggle/working/09_보완_재실험/outputs/checkpoints/ft_fixed_emphasize_seed44_lf0.10_best.pt,ft_fixed_emphasize_seed44_lf0.10.json,0.28161559888579385,0.3331476323119777,0.21699164345403898,0.2564066852367688,phase2_grid_fill
09_v1_holdout_val_crc_test,fixed_emphasize,44,0.25,11249,45001,4999,7180,holdout_val,crc_val,8,0.7623524704940988,0.24958217270194985,0.18594389312531126,0.15069637883008358,0.1490396560117572,/kaggle/input/datasets/jamlab/05-11-b-retest-database/ssl_fixed_emphasize_seed44_final.pt,/kaggle/working/09_보완_재실험/outputs/checkpoints/ft_fixed_emphasize_seed44_lf0.25_best.pt,ft_fixed_emphasize_seed44_lf0.25.json,0.28231197771587746,0.2713091922005571,0.24944289693593313,0.16935933147632312,phase2_grid_fill
09_v1_holdout_val_crc_test,imagenet_init,42,0.25,11249,45001,4999,7180,holdout_val,crc_val,3,0.9551910382076415,0.678133704735376,0.5551625906465563,0.6646239554317549,0.6199166507754357,,/kaggle/working/09_보완_재실험/outputs/checkpoints/ft_imagenet_init_seed42_lf0.25_best.pt,ft_imagenet_init_seed42_lf0.25.json,0.6477715877437326,0.5876044568245126,0.5181058495821727,0.4597493036211699,phase2_grid_fill
09_v1_holdout_val_crc_test,imagenet_init,43,0.25,11249,45001,4999,7180,holdout_val,crc_val,13,0.9507901580316063,0.656824512534819,0.545623312779219,0.6438718662952646,0.5561056888904147,,/kaggle/working/09_보완_재실험/outputs/checkpoints/ft_imagenet_init_seed43_lf0.25_best.pt,ft_imagenet_init_seed43_lf0.25.json,0.5739554317548746,0.5855153203342618,0.4073816155988858,0.3934540389972145,phase2_grid_fill
09_v1_holdout_val_crc_test,imagenet_init,44,0.25,11249,45001,4999,7180,holdout_val,crc_val,6,0.95999199839968,0.4754874651810585,0.39070367235109976,0.48649025069637886,0.4295895215241418,,/kaggle/working/09_보완_재실험/outputs/checkpoints/ft_imagenet_init_seed44_lf0.25_best.pt,ft_imagenet_init_seed44_lf0.25.json,0.5253481894150418,0.47116991643454037,0.40181058495821725,0.36740947075208913,phase2_grid_fill
09_v1_holdout_val_crc_test,macenko_none,42,0.25,11249,45001,4999,7180,holdout_val,crc_val,10,0.9085817163432687,0.8537604456824512,0.7904696549863796,0.7203342618384401,0.6791797678072924,/kaggle/input/datasets/codesensory/05-11-b-retest-database/ssl_macenko_none_seed42_final.pt,/kaggle/working/09_보완_재실험/outputs/checkpoints/ft_macenko_none_seed42_lf0.25_best.pt,ft_macenko_none_seed42_lf0.25.json,0.781058495821727,0.506824512534819,0.8299442896935934,0.5296657381615599,phase2_grid_fill
09_v1_holdout_val_crc_test,macenko_none,43,0.25,11249,45001,4999,7180,holdout_val,crc_val,13,0.9383876775355071,0.8451253481894151,0.7978305660282327,0.7469359331476323,0.6502329793320638,/kaggle/input/datasets/codesensory/05-11-b-retest-database/ssl_macenko_none_seed43_final.pt,/kaggle/working/09_보완_재실험/outputs/checkpoints/ft_macenko_none_seed43_lf0.25_best.pt,ft_macenko_none_seed43_lf0.25.json,0.8151810584958217,0.599025069637883,0.8214484679665738,0.5764623955431755,phase2_grid_fill
09_v1_holdout_val_crc_test,macenko_none,44,0.25,11249,45001,4999,7180,holdout_val,crc_val,9,0.9129825965193039,0.7855153203342619,0.7021444140842787,0.7076601671309192,0.5841886157393148,/kaggle/input/datasets/codesensory/05-11-b-retest-database/ssl_macenko_none_seed44_final.pt,/kaggle/working/09_보완_재실험/outputs/checkpoints/ft_macenko_none_seed44_lf0.25_best.pt,ft_macenko_none_seed44_lf0.25.json,0.7614206128133705,0.507242339832869,0.7704735376044568,0.5682451253481894,phase2_grid_fill
